heavy floods in Central ,8pm ,5
heavy floods in Central ,8pm ,5
heavy floods in Central ,8pm ,5
heavy floods in Central ,8pm ,5
heavy floods in Central ,8pm ,5
heavy floods in Central ,8pm ,5
heavy floods in Central ,8pm ,5
heavy floods in Central ,8pm ,5
heavy floods in Central ,8pm ,5
heavy floods in Central ,8pm ,5
heavy floods in Central ,8pm ,5
heavy floods in Central ,8pm ,5
heavy floods in Central ,8pm ,5
heavy floods in Central ,8pm ,5
heavy floods in Central ,8pm ,5
heavy floods in Central ,8pm ,5
heavy floods in Central ,8pm ,5
heavy floods in Central ,8pm ,5
heavy floods in Central ,8pm ,5
heavy floods in Central ,8pm ,5
